{"cameraMode":{"drawMode":0,"name":"Shaded","section":"Shading Mode"},"sceneLighting":true,"audioPlay":false,"sceneViewState":{"m_AlwaysRefresh":false,"showFog":true,"showSkybox":true,"showFlares":true,"showImageEffects":true,"showParticleSystems":true,"showVisualEffectGraphs":true,"m_FxEnabled":true},"in2DMode":false,"pivot":{"x":477.64178466796877,"y":-19.142765045166017,"z":-143.25828552246095},"rotation":{"x":-0.12234032899141312,"y":0.6949465274810791,"z":-0.12065497785806656,"w":-0.6970828175544739},"size":105.26303100585938,"orthographic":false}